Workbook

Sheet BOM Import Template
A1: BOM Import Template - Updated for Full Import
A3: Instructions:
A4: 1. This template is optimized for full BOM import functionality
A5: 2. Required fields: BOM Name (maps to model), Version, Product Line (maps to product_line)
A6: 3. All 20 sample records contain valid data for testing import
A7: 4. ID fields are auto-generated and read-only
A8: Field Mapping for Import (as per importRoutes.js):
A9: BOM Name → model, Version → version, Product Line → product_line
A10: BOM ID | B10: BOM Name | C10: Part ID | D10: Part Name | E10: Quantity | F10: Position | G10: Product ID | H10: Product Name | I10: Version | J10: Product Line | K10: Status | L10: Actions
A11: BOM001 | B11: Main Board | C11: PART001 | D11: Resistor | E11: 10 | F11: Top Side | G11: PROD001 | H11: Smartphone | I11: V1.0 | J11: Consumer Electronics | L11: Push
A12: BOM002 | B12: Power Supply | C12: PART002 | D12: Capacitor | E12: 5 | F12: Bottom Side | G12: PROD002 | H12: Laptop | I12: V2.0 | J12: Enterprise | L12: Pushed
A13: BOM003 | B13: CPU Module | C13: PART003 | D13: IC Chip | E13: 1 | F13: Internal | G13: PROD003 | H13: Tablet | I13: V1.1 | J13: Consumer Electronics | L13: Push
A14: BOM004 | B14: Memory Module | C14: PART004 | D14: Connector | E14: 8 | F14: Top Side | G14: PROD004 | H14: Server | I14: V3.0 | J14: Enterprise | L14: Pushed
A15: BOM005 | B15: Storage Device | C15: PART005 | D15: PCB | E15: 2 | F15: Bottom Side | G15: PROD005 | H15: Router | I15: V2.1 | J15: Industrial | L15: Push
A16: BOM006 | B16: Network Card | C16: PART006 | D16: Transformer | E16: 1 | F16: Internal | G16: PROD006 | H16: Switch | I16: V1.5 | J16: Enterprise | L16: Pushed
A17: BOM007 | B17: Display Panel | C17: PART007 | D17: Resistor | E17: 15 | F17: Top Side | G17: PROD007 | H17: Smartphone | I17: V2.0 | J17: Consumer Electronics | L17: Push
A18: BOM008 | B18: Battery Pack | C18: PART008 | D18: Capacitor | E18: 3 | F18: Bottom Side | G18: PROD008 | H18: Laptop | I18: V1.8 | J18: Consumer Electronics | L18: Pushed
A19: BOM009 | B19: Camera Module | C19: PART009 | D19: IC Chip | E19: 2 | F19: Internal | G19: PROD009 | H19: Tablet | I19: V2.2 | J19: Consumer Electronics | L19: Push
A20: BOM010 | B20: Audio System | C20: PART010 | D20: Connector | E20: 6 | F20: Top Side | G20: PROD010 | H20: Server | I20: V3.1 | J20: Enterprise | L20: Pushed
A21: BOM011 | B21: Cooling System | C21: PART011 | D21: PCB | E21: 4 | F21: Bottom Side | G21: PROD011 | H21: Router | I21: V2.3 | J21: Industrial | L21: Push
A22: BOM012 | B22: Power Circuit | C22: PART012 | D22: Transformer | E22: 2 | F22: Internal | G22: PROD012 | H22: Switch | I22: V1.7 | J22: Enterprise | L22: Pushed
... A30: BOM020 | B30: Ethernet Port | C30: PART020 | D30: Capacitor | E30: 4 | F30: Bottom Side | G30: PROD020 | H30: Laptop | I30: V2.0 | J30: Consumer Electronics | L30: Pushed
K31: =IF(L31="","",VLOOKUP(L31,StatusMapping!A:B,2,FALSE))
K32: =IF(L32="","",VLOOKUP(L32,StatusMapping!A:B,2,FALSE))
K33: =IF(L33="","",VLOOKUP(L33,StatusMapping!A:B,2,FALSE))
K34: =IF(L34="","",VLOOKUP(L34,StatusMapping!A:B,2,FALSE))
K35: =IF(L35="","",VLOOKUP(L35,StatusMapping!A:B,2,FALSE))
K36: =IF(L36="","",VLOOKUP(L36,StatusMapping!A:B,2,FALSE))
K37: =IF(L37="","",VLOOKUP(L37,StatusMapping!A:B,2,FALSE))
K38: =IF(L38="","",VLOOKUP(L38,StatusMapping!A:B,2,FALSE))
K39: =IF(L39="","",VLOOKUP(L39,StatusMapping!A:B,2,FALSE))
K40: =IF(L40="","",VLOOKUP(L40,StatusMapping!A:B,2,FALSE))
K41: =IF(L41="","",VLOOKUP(L41,StatusMapping!A:B,2,FALSE))
K42: =IF(L42="","",VLOOKUP(L42,StatusMapping!A:B,2,FALSE))
... K100: =IF(L100="","",VLOOKUP(L100,StatusMapping!A:B,2,FALSE))

Sheet StatusMapping
A1: Push | B1: Draft
A2: Pushed | B2: Active
